title,author,link
Texas gift shops are sus,TelevisionTall,https://www.reddit.com/r/pics/comments/vc9wd3/texas_gift_shops_are_sus/
I'm pretty tired hopefully this helps! [OC],Mindless-Body-1397,https://www.reddit.com/r/pics/comments/vc9ujx/im_pretty_tired_hopefully_this_helps_oc/
(OC) Over 20 years ago I found over 100 photos on the street in Philly. Here is a sample.,CynicScenic,https://www.reddit.com/r/pics/comments/vc9ubg/oc_over_20_years_ago_i_found_over_100_photos_on/
Off with your head vile beast OC,chopinrocks,https://www.reddit.com/r/pics/comments/vc9slv/off_with_your_head_vile_beast_oc/
[OC] Funny Eels at the Fish Store,crystalized-feather,https://www.reddit.com/r/pics/comments/vc9r1a/oc_funny_eels_at_the_fish_store/
[oc] my garden cat caught mid loving.,Dannidarlin,https://www.reddit.com/r/pics/comments/vc9qzz/oc_my_garden_cat_caught_mid_loving/
A close up of my most recent marker drawing,Tandizojere,https://www.reddit.com/r/pics/comments/vc9qzs/a_close_up_of_my_most_recent_marker_drawing/
"I like the CN channel of the 2000s, especially ""Ed. Edd n Eddy"", so i decided to make a Nazz cosplay",dahanych,https://www.reddit.com/r/pics/comments/vc9p2y/i_like_the_cn_channel_of_the_2000s_especially_ed/
Off with your head vile beast.,chopinrocks,https://www.reddit.com/r/pics/comments/vc9mom/off_with_your_head_vile_beast/
My shot of last night's supermoon,ajamesmccarthy,https://www.reddit.com/r/pics/comments/vc9l14/my_shot_of_last_nights_supermoon/
"I like the CN channel of the 2000s, especially ""Ed. Edd n Eddy"", so i decided to make a Nazz cosplay",dahanych,https://www.reddit.com/r/pics/comments/vc9knl/i_like_the_cn_channel_of_the_2000s_especially_ed/
"emma coronel, the wife of el chapo guzman. they were married when on her 18th birthday, he was 50.",No-Job3724,https://www.reddit.com/r/pics/comments/vc9fmw/emma_coronel_the_wife_of_el_chapo_guzman_they/
Can someone tell me the angulation of this Thomas Hawk photo?? please I need it,darwingfly,https://www.reddit.com/r/pics/comments/vc9c64/can_someone_tell_me_the_angulation_of_this_thomas/
Venice beach from the fishing pier!,brandonfloresphoto,https://www.reddit.com/r/pics/comments/vc99d1/venice_beach_from_the_fishing_pier/
Our little doggo with a rare heart condition.,NikadaLV,https://www.reddit.com/r/pics/comments/vc93ur/our_little_doggo_with_a_rare_heart_condition/
[OC] My Grandparents got married 70 years ago today. They were so cool!,artboxcreationsinc,https://www.reddit.com/r/pics/comments/vc8wil/oc_my_grandparents_got_married_70_years_ago_today/
"Fun In The Sun, Acrylic painting",brokentoothh,https://www.reddit.com/r/pics/comments/vc8vp4/fun_in_the_sun_acrylic_painting/
70 years ago today my Grandparents got married. They were so cool! Oc,artboxcreationsinc,https://www.reddit.com/r/pics/comments/vc8ung/70_years_ago_today_my_grandparents_got_married/
70 years ago my Grandparents got married. They were so cool!,artboxcreationsinc,https://www.reddit.com/r/pics/comments/vc8spu/70_years_ago_my_grandparents_got_married_they/
Rocks holding tree so it does not swim with the fishes.,chidevildog,https://www.reddit.com/r/pics/comments/vc8s6z/rocks_holding_tree_so_it_does_not_swim_with_the/
[OC] Cleveland Moto,blueberrytassels,https://www.reddit.com/r/pics/comments/vc8s5l/oc_cleveland_moto/
[OC] The Loch Ness River Tower,RamsesThePigeon,https://www.reddit.com/r/pics/comments/vc8qcr/oc_the_loch_ness_river_tower/
[OC] Some bugs on flowers,malcome-the-spedbump,https://www.reddit.com/r/pics/comments/vc8oth/oc_some_bugs_on_flowers/
"[OC] My Beautiful City - Liverpool, England",Muay_Thai_Cat,https://www.reddit.com/r/pics/comments/vc8ltk/oc_my_beautiful_city_liverpool_england/
"My Beautiful City - Liverpool, England.",Muay_Thai_Cat,https://www.reddit.com/r/pics/comments/vc8j51/my_beautiful_city_liverpool_england/
(OC) People are cute when they're in a good mood.,StunningWatch3030,https://www.reddit.com/r/pics/comments/vc8iqn/oc_people_are_cute_when_theyre_in_a_good_mood/
"""La Grande Roue de Montr√©al"" in infrared [OC]",LAG360,https://www.reddit.com/r/pics/comments/vc8ies/la_grande_roue_de_montr√©al_in_infrared_oc/
(OC) I think I'm cute today.,StunningWatch3030,https://www.reddit.com/r/pics/comments/vc8hkj/oc_i_think_im_cute_today/
Some bugs on flowers,malcome-the-spedbump,https://www.reddit.com/r/pics/comments/vc8fz9/some_bugs_on_flowers/
(OC) Weather suitable for golf.,StunningWatch3030,https://www.reddit.com/r/pics/comments/vc8fms/oc_weather_suitable_for_golf/
[OC] a beautiful sunrise from my window at 5 am,photogenicMale,https://www.reddit.com/r/pics/comments/vc8ay2/oc_a_beautiful_sunrise_from_my_window_at_5_am/
At a meet and greet with Infected Mushroom.,jtheman007,https://www.reddit.com/r/pics/comments/vc8916/at_a_meet_and_greet_with_infected_mushroom/
Buy lot here,joachim2004,https://www.reddit.com/r/pics/comments/vc871c/buy_lot_here/
Family Dogs Learn to Use Ring Video Doorbell to Get Owner‚Äôs Attention,Younesking1,https://www.reddit.com/r/pics/comments/vc81di/family_dogs_learn_to_use_ring_video_doorbell_to/
June Supermoon last night. Taken with a cell phone.,senorvato,https://www.reddit.com/r/pics/comments/vc7u26/june_supermoon_last_night_taken_with_a_cell_phone/
What a beautiful fragrance that brought me here,georgewiliams2,https://www.reddit.com/r/pics/comments/vc7rqs/what_a_beautiful_fragrance_that_brought_me_here/
My parents back in the 70s (OC),butt-fucking-naked,https://www.reddit.com/r/pics/comments/vc7nkr/my_parents_back_in_the_70s_oc/
My parents back in the 70s,butt-fucking-naked,https://www.reddit.com/r/pics/comments/vc7li1/my_parents_back_in_the_70s/
European Wool Carder Bee I,Dalantech,https://www.reddit.com/r/pics/comments/vc7k9h/european_wool_carder_bee_i/
Ukrainian medication,zeb6-sebdeb,https://www.reddit.com/r/pics/comments/vc7iyy/ukrainian_medication/
Looking curious,Modern-Moo,https://www.reddit.com/r/pics/comments/vc7fik/looking_curious/
Manhattan taken from airplane,rustprony,https://www.reddit.com/r/pics/comments/vc7f3o/manhattan_taken_from_airplane/
[OC] Western Ireland on the Dingle coast,warmleafjuice,https://www.reddit.com/r/pics/comments/vc7asi/oc_western_ireland_on_the_dingle_coast/
I found this cool art on my walk. (Chicago),the_potato_smuggler,https://www.reddit.com/r/pics/comments/vc79j5/i_found_this_cool_art_on_my_walk_chicago/
I found this cool art on my walk. (Chicago),the_potato_smuggler,https://www.reddit.com/r/pics/comments/vc77vr/i_found_this_cool_art_on_my_walk_chicago/
"My first Eddie Vedder painting ""Even Flow"" done entirely with spray paint on canvas, 22 x 28 inches",BobbyZeik,https://www.reddit.com/r/pics/comments/vc76wr/my_first_eddie_vedder_painting_even_flow_done/
Western Ireland on the Dingle coast,warmleafjuice,https://www.reddit.com/r/pics/comments/vc76n9/western_ireland_on_the_dingle_coast/
[OC] Doing my morning computering while enjoying a nice cafe breakfast,wowbobwow,https://www.reddit.com/r/pics/comments/vc71rc/oc_doing_my_morning_computering_while_enjoying_a/
How do I disable this?,emkill,https://www.reddit.com/r/pics/comments/vc70wk/how_do_i_disable_this/
Reindeer in Iceland,A99i,https://www.reddit.com/r/pics/comments/vc70qk/reindeer_in_iceland/
[OC] I made fried rice and pulled pork for the first time.,sivablue,https://www.reddit.com/r/pics/comments/vc708g/oc_i_made_fried_rice_and_pulled_pork_for_the/
Bob with stick,_Chill_Winston_,https://www.reddit.com/r/pics/comments/vc6yez/bob_with_stick/
[OC] Just me being cool in the 80s.,Draxtonsmitz,https://www.reddit.com/r/pics/comments/vc6xu0/oc_just_me_being_cool_in_the_80s/
[OC] I'm Gonna brag a bit. 4 years into my weight loss journey...officially 200 lbs down last week.,sustenancewars,https://www.reddit.com/r/pics/comments/vc6urm/oc_im_gonna_brag_a_bit_4_years_into_my_weight/
(OC) San Francisco skyline from Coit Tower,WanderingToast,https://www.reddit.com/r/pics/comments/vc6u51/oc_san_francisco_skyline_from_coit_tower/
#Marvel #Ironman,Impossible_Toe2002,https://www.reddit.com/r/pics/comments/vc6u1r/marvel_ironman/
Street Photograpgy,Impossible_Toe2002,https://www.reddit.com/r/pics/comments/vc6rgm/street_photograpgy/
Doodle‚Ä¶[oc],micahkavros,https://www.reddit.com/r/pics/comments/vc6qng/doodleoc/
Our Angry Cat,acoalbucket,https://www.reddit.com/r/pics/comments/vc6qlg/our_angry_cat/
[OC] Florida sunrise,scot816,https://www.reddit.com/r/pics/comments/vc6n36/oc_florida_sunrise/
https://www.flickr.com/gp/195007463@N03/X1jt97,[deleted],https://www.reddit.com/r/pics/comments/vc6mkk/httpswwwflickrcomgp195007463n03x1jt97/
The grooviest place on Earth. [OC],Odd-Carry-8892,https://www.reddit.com/r/pics/comments/vc6lev/the_grooviest_place_on_earth_oc/
Colored Masonic Temple,Odd-Carry-8892,https://www.reddit.com/r/pics/comments/vc6kuv/colored_masonic_temple/
[OC] Florida sunrise,scot816,https://www.reddit.com/r/pics/comments/vc6j6o/oc_florida_sunrise/
I made fried rice and pulled pork for the first time.,sivablue,https://www.reddit.com/r/pics/comments/vc6fqb/i_made_fried_rice_and_pulled_pork_for_the_first/
Drawing of the day..üëçüèº [oc],micahkavros,https://www.reddit.com/r/pics/comments/vc6e7i/drawing_of_the_day_oc/
Found Photos from the 1970s,Heirloom-Cloud,https://www.reddit.com/r/pics/comments/vc6999/found_photos_from_the_1970s/
My latest work - What Curse?,Adam-Scythe,https://www.reddit.com/r/pics/comments/vc694s/my_latest_work_what_curse/
Caught a nice picture of the wolves at my local zoo,disengagesimulators,https://www.reddit.com/r/pics/comments/vc6637/caught_a_nice_picture_of_the_wolves_at_my_local/
Gave a honeybee water 2 weeks ago. Now it‚Äôs 50+friendly bees at my pool for a drink everyday(OC),OhthePinksanity,https://www.reddit.com/r/pics/comments/vc64up/gave_a_honeybee_water_2_weeks_ago_now_its/
[OC] Niagara Falls from the US side,mook1178,https://www.reddit.com/r/pics/comments/vc64qt/oc_niagara_falls_from_the_us_side/
I made this painting of a ROTUND cat,Murvyn,https://www.reddit.com/r/pics/comments/vc60is/i_made_this_painting_of_a_rotund_cat/
Some Flowers And Grass Combined With Bugs,Savchezz03,https://www.reddit.com/r/pics/comments/vc5zdl/some_flowers_and_grass_combined_with_bugs/
[OC] I handcrafted a cloud pendant.,wintersky__,https://www.reddit.com/r/pics/comments/vc5wi4/oc_i_handcrafted_a_cloud_pendant/
Took a walk with my friend and film camera [OC],Lilardent,https://www.reddit.com/r/pics/comments/vc5vhx/took_a_walk_with_my_friend_and_film_camera_oc/
I did this at the last chalk festival. [OC],mnhaverland,https://www.reddit.com/r/pics/comments/vc5ve1/i_did_this_at_the_last_chalk_festival_oc/
[OC] My guy demonstrates the proper use of a treadmill.,Dirt_E_Harry,https://www.reddit.com/r/pics/comments/vc5t1t/oc_my_guy_demonstrates_the_proper_use_of_a/
Ordu - ƒ∞stanbul,cicek_aaltun,https://www.reddit.com/r/pics/comments/vc5rvp/ordu_istanbul/
[OC] The ‚Äúpro life Spider-Man‚Äù climbed the Devon tower in Oklahoma City this morning,grizzlyblake91,https://www.reddit.com/r/pics/comments/vc5rog/oc_the_pro_life_spiderman_climbed_the_devon_tower/
My neko and a bird,dang2pretty4u,https://www.reddit.com/r/pics/comments/vc5nrz/my_neko_and_a_bird/
"Paradise Valley, Montana [OC]",horse_masturbator,https://www.reddit.com/r/pics/comments/vc5k0b/paradise_valley_montana_oc/
My cat has chosen me,dang2pretty4u,https://www.reddit.com/r/pics/comments/vc5jgs/my_cat_has_chosen_me/
All the pens used up by my Chinese friend in his senior year of high school.,ZachLauston,https://www.reddit.com/r/pics/comments/vc5iz6/all_the_pens_used_up_by_my_chinese_friend_in_his/
My smol cat,Quack_qua,https://www.reddit.com/r/pics/comments/vc5iui/my_smol_cat/
My Bro wanted a fanart of him as Monkey D Luffy! Made by me.,surfstar,https://www.reddit.com/r/pics/comments/vc5f2w/my_bro_wanted_a_fanart_of_him_as_monkey_d_luffy/
Holding a flower at Mirror Lake,sventhegoat,https://www.reddit.com/r/pics/comments/vc5e8a/holding_a_flower_at_mirror_lake/
Diorama During Road Construction,Green_Meat,https://www.reddit.com/r/pics/comments/vc5cwd/diorama_during_road_construction/
Spotted an Amazon Rivian Van in Seattle today,deathbycatbutt,https://www.reddit.com/r/pics/comments/vc58iq/spotted_an_amazon_rivian_van_in_seattle_today/
Our lovely dog suffers from a rare heart condition. You can help to save her.,NikadaLV,https://www.reddit.com/r/pics/comments/vc53rv/our_lovely_dog_suffers_from_a_rare_heart/
Peonies in a line look like a reflection.,shapeintheclouds,https://www.reddit.com/r/pics/comments/vc53hd/peonies_in_a_line_look_like_a_reflection/
jar me and my friend put together at the bea,mercat1986,https://www.reddit.com/r/pics/comments/vc534b/jar_me_and_my_friend_put_together_at_the_bea/
Peonies lined up look like a reflection.,shapeintheclouds,https://www.reddit.com/r/pics/comments/vc51js/peonies_lined_up_look_like_a_reflection/
I am a runner!,Runningman61,https://www.reddit.com/r/pics/comments/vc503x/i_am_a_runner/
(OC) my view for today,lovelyb1ch66,https://www.reddit.com/r/pics/comments/vc4z38/oc_my_view_for_today/
Got a haircut,saddimplesxo,https://www.reddit.com/r/pics/comments/vc4ul9/got_a_haircut/
"St. George, Utah [OC]",horse_masturbator,https://www.reddit.com/r/pics/comments/vc4rke/st_george_utah_oc/
Our lovely dog suffers from a rare heart condition. You can help to save her life!,NikadaLV,https://www.reddit.com/r/pics/comments/vc4q9f/our_lovely_dog_suffers_from_a_rare_heart/
Patio flowers,Karma21555,https://www.reddit.com/r/pics/comments/vc4p52/patio_flowers/
[OC] The bed in my van during a sunset,danziehartlieb,https://www.reddit.com/r/pics/comments/vc4nu9/oc_the_bed_in_my_van_during_a_sunset/
Meet our lovely dog! She suffers from a heart condition. You can help to save her life!,NikadaLV,https://www.reddit.com/r/pics/comments/vc4ly3/meet_our_lovely_dog_she_suffers_from_a_heart/
